datetime,equity
2015-01-05,0.0
2015-01-06,0.0
2015-01-07,0.0
2015-01-08,0.0
2015-01-09,0.0
2015-01-12,0.0
2015-01-13,0.0
2015-01-14,0.0
2015-01-15,0.0
2015-01-16,0.0
2015-01-19,0.0
2015-01-20,0.0
2015-01-21,0.0
2015-01-22,0.0
2015-01-23,0.0
2015-01-26,0.0
2015-01-27,0.0
2015-01-28,0.0
2015-01-29,0.0
2015-01-30,0.0
2015-02-02,0.0
2015-02-03,0.0
2015-02-04,0.0
2015-02-05,0.0
2015-02-06,0.0
2015-02-09,0.0
2015-02-10,0.0
2015-02-11,0.0
2015-02-12,0.0
2015-02-13,0.0
2015-02-24,0.0
2015-02-25,-700.0
2015-02-26,-2400.0
2015-03-02,-3300.0
2015-03-03,-5090.0
2015-03-04,-5090.0
2015-03-05,-5090.0
2015-03-06,-5090.0
2015-03-09,-5090.0
2015-03-10,-5090.0
2015-03-11,-5090.0
2015-03-12,-5090.0
2015-03-13,-5090.0
2015-03-16,-5090.0
2015-03-17,-5090.0
2015-03-18,-5090.0
2015-03-19,-5090.0
2015-03-20,-4290.0
2015-03-23,-4690.0
2015-03-24,-6240.0
2015-03-25,-7790.0
2015-03-26,-12780.0
2015-03-27,-9380.0
2015-03-30,-10080.0
2015-03-31,-11430.0
2015-04-01,-7630.0
2015-04-02,-13080.0
2015-04-07,-13730.0
2015-04-08,-10780.0
2015-04-09,-10880.0
2015-04-10,-13930.0
2015-04-13,-15130.0
2015-04-14,-14530.0
2015-04-15,-8280.0
2015-04-16,-14580.0
2015-04-17,-11380.0
2015-04-20,-10530.0
2015-04-21,-10080.0
2015-04-22,-12980.0
2015-04-23,-17870.0
2015-04-24,-15920.0
2015-04-27,-10920.0
2015-04-28,-12470.0
2015-04-29,-16620.0
2015-04-30,-18170.0
2015-05-04,-17670.0
2015-05-05,-19570.0
2015-05-06,-22960.0
2015-05-07,-22960.0
2015-05-08,-22960.0
2015-05-11,-22960.0
2015-05-12,-22960.0
2015-05-13,-22960.0
2015-05-14,-22960.0
2015-05-15,-22960.0
2015-05-18,-22960.0
2015-05-19,-22960.0
2015-05-20,-22960.0
2015-05-21,-22960.0
2015-05-22,-22960.0
2015-05-25,-22960.0
2015-05-26,-22960.0
2015-05-27,-22960.0
2015-05-28,-22960.0
2015-05-29,-22960.0
2015-06-01,-24900.0
2015-06-02,-25600.0
2015-06-03,-22750.0
2015-06-04,-10850.0
2015-06-05,-10800.0
2015-06-08,-12850.0
2015-06-09,-7200.0
2015-06-10,-9700.0
2015-06-11,-9650.0
2015-06-12,-8700.0
2015-06-15,-7600.0
2015-06-16,-6100.0
2015-06-17,-4350.0
2015-06-18,2200.0
2015-06-22,-4350.0
2015-06-23,-6950.0
2015-06-24,-7700.0
2015-06-25,-12590.0
2015-06-26,-12590.0
2015-06-29,-12590.0
2015-06-30,-12590.0
2015-07-01,-12590.0
2015-07-02,-12590.0
2015-07-03,-12590.0
2015-07-06,-12590.0
2015-07-07,-12590.0
2015-07-08,-12590.0
2015-07-09,-17680.0
2015-07-13,-17680.0
2015-07-14,-17680.0
2015-07-15,-17680.0
2015-07-16,-17680.0
2015-07-17,-17680.0
2015-07-20,-17680.0
2015-07-21,-17680.0
2015-07-22,-17680.0
2015-07-23,-17680.0
2015-07-24,-17680.0
2015-07-27,-17680.0
2015-07-28,-17680.0
2015-07-29,-17680.0
2015-07-30,-17680.0
2015-07-31,-17680.0
2015-08-03,-17680.0
2015-08-04,-17680.0
2015-08-05,-17680.0
2015-08-06,-17680.0
2015-08-07,-17680.0
2015-08-10,-17680.0
2015-08-11,-17680.0
2015-08-12,-17680.0
2015-08-13,-17680.0
2015-08-14,-17680.0
2015-08-17,-17680.0
2015-08-18,-14530.0
2015-08-19,-5980.0
2015-08-20,-4580.0
2015-08-21,6720.0
2015-08-24,26820.0
2015-08-25,15180.0
2015-08-26,15180.0
2015-08-27,15180.0
2015-08-28,15180.0
2015-08-31,15180.0
2015-09-01,15180.0
2015-09-02,15180.0
2015-09-03,15180.0
2015-09-04,15180.0
2015-09-07,15180.0
2015-09-08,15180.0
2015-09-09,15180.0
2015-09-10,15180.0
2015-09-11,15180.0
2015-09-14,15180.0
2015-09-15,15180.0
2015-09-16,15180.0
2015-09-17,15180.0
2015-09-18,15180.0
2015-09-21,15180.0
2015-09-22,15180.0
2015-09-23,15180.0
2015-09-24,15180.0
2015-09-25,15180.0
2015-09-30,15180.0
2015-10-01,15180.0
2015-10-02,15180.0
2015-10-05,15180.0
2015-10-06,15180.0
2015-10-07,15180.0
2015-10-08,15180.0
2015-10-12,15180.0
2015-10-13,15180.0
2015-10-14,15180.0
2015-10-15,15180.0
2015-10-16,15180.0
2015-10-19,15180.0
2015-10-20,15180.0
2015-10-21,15180.0
2015-10-22,15180.0
2015-10-23,15180.0
2015-10-26,15180.0
2015-10-27,15180.0
2015-10-28,15180.0
2015-10-29,15180.0
2015-10-30,15180.0
2015-11-02,15180.0
2015-11-03,15180.0
2015-11-04,15180.0
2015-11-05,14930.0
2015-11-06,10090.0
2015-11-09,10090.0
2015-11-10,12440.0
2015-11-11,20190.0
2015-11-12,15990.0
2015-11-13,21240.0
2015-11-16,24690.0
2015-11-17,17090.0
2015-11-18,22240.0
2015-11-19,16540.0
2015-11-20,16790.0
2015-11-23,15040.0
2015-11-24,18890.0
2015-11-25,19690.0
2015-11-26,13940.0
2015-11-27,19490.0
2015-11-30,24090.0
2015-12-01,16090.0
2015-12-02,16290.0
2015-12-03,15250.0
2015-12-04,16560.0
2015-12-07,18020.0
2015-12-08,12930.0
2015-12-09,16980.0
2015-12-10,18580.0
2015-12-11,24630.0
2015-12-14,24780.0
2015-12-15,24730.0
2015-12-16,18080.0
2015-12-17,13930.0
2015-12-18,16530.0
2015-12-21,13790.0
2015-12-22,13790.0
2015-12-23,13790.0
2015-12-24,13790.0
2015-12-25,13790.0
2015-12-28,13790.0
2015-12-29,13790.0
2015-12-30,13790.0
2015-12-31,13790.0
2016-01-04,13790.0
2016-01-05,17240.0
2016-01-06,20040.0
2016-01-07,28390.0
2016-01-08,25090.0
2016-01-11,31440.0
2016-01-12,33240.0
2016-01-13,28040.0
2016-01-14,32690.0
2016-01-15,35240.0
2016-01-18,27890.0
2016-01-19,25040.0
2016-01-20,33340.0
2016-01-21,37690.0
2016-01-22,31090.0
2016-01-25,26650.0
2016-01-26,26650.0
2016-01-27,26650.0
2016-01-28,26650.0
2016-01-29,26650.0
2016-01-30,26650.0
2016-02-01,26650.0
2016-02-02,26650.0
2016-02-03,26650.0
2016-02-15,26650.0
2016-02-16,26650.0
2016-02-17,26650.0
2016-02-18,26650.0
2016-02-19,26650.0
2016-02-22,26650.0
2016-02-23,26650.0
2016-02-24,26650.0
2016-02-25,26650.0
2016-02-26,26650.0
2016-03-01,26650.0
2016-03-02,26650.0
2016-03-03,26650.0
2016-03-04,26650.0
2016-03-07,26650.0
2016-03-08,26650.0
2016-03-09,26650.0
2016-03-10,26650.0
2016-03-11,26650.0
2016-03-14,26650.0
2016-03-15,26650.0
2016-03-16,26650.0
2016-03-17,26650.0
2016-03-18,26650.0
2016-03-21,26650.0
2016-03-22,26650.0
2016-03-23,26650.0
2016-03-24,26650.0
2016-03-25,26650.0
2016-03-28,26650.0
2016-03-29,26650.0
2016-03-30,26650.0
2016-03-31,26650.0
2016-04-01,26650.0
2016-04-06,26650.0
2016-04-07,26650.0
2016-04-08,26650.0
2016-04-11,26650.0
2016-04-12,26650.0
2016-04-13,26650.0
2016-04-14,26650.0
2016-04-15,26650.0
2016-04-18,26650.0
2016-04-19,26650.0
2016-04-20,26650.0
2016-04-21,26650.0
2016-04-22,26650.0
2016-04-25,26650.0
2016-04-26,26650.0
2016-04-27,26650.0
2016-04-28,26650.0
2016-04-29,26650.0
2016-05-03,26650.0
2016-05-04,26650.0
2016-05-05,26650.0
2016-05-06,26650.0
2016-05-09,26650.0
2016-05-10,26650.0
2016-05-11,26650.0
2016-05-12,26650.0
2016-05-13,26650.0
2016-05-16,26650.0
2016-05-17,26650.0
2016-05-18,26650.0
2016-05-19,26650.0
2016-05-20,26650.0
2016-05-23,26650.0
2016-05-24,24100.0
2016-05-25,29150.0
2016-05-26,29050.0
2016-05-27,33100.0
2016-05-30,35450.0
2016-05-31,35550.0
2016-06-01,38150.0
2016-06-02,37350.0
2016-06-03,38250.0
2016-06-04,38750.0
2016-06-06,38600.0
2016-06-07,43300.0
2016-06-08,45800.0
2016-06-13,36100.0
2016-06-14,38750.0
2016-06-15,40100.0
2016-06-16,23910.0
2016-06-17,21220.0
2016-06-20,21220.0
2016-06-21,21220.0
2016-06-22,21220.0
2016-06-23,21220.0
2016-06-24,21220.0
2016-06-27,21220.0
2016-06-28,21220.0
2016-06-29,21220.0
2016-06-30,21220.0
2016-07-01,21220.0
2016-07-04,20870.0
2016-07-05,19670.0
2016-07-06,16130.0
2016-07-07,16130.0
2016-07-11,16130.0
2016-07-12,16130.0
2016-07-13,16130.0
2016-07-14,16130.0
2016-07-15,16130.0
2016-07-18,16130.0
2016-07-19,16130.0
2016-07-20,16130.0
2016-07-21,16130.0
2016-07-22,16130.0
2016-07-25,16130.0
2016-07-26,16130.0
2016-07-27,16130.0
2016-07-28,16130.0
2016-07-29,16130.0
2016-08-01,16130.0
2016-08-02,16130.0
2016-08-03,16130.0
2016-08-04,16130.0
2016-08-05,16130.0
2016-08-08,16130.0
2016-08-09,16130.0
2016-08-10,16130.0
2016-08-11,11040.0
2016-08-12,11040.0
2016-08-15,11040.0
2016-08-16,11040.0
2016-08-17,11040.0
2016-08-18,11040.0
2016-08-19,11040.0
2016-08-22,11040.0
2016-08-23,11040.0
2016-08-24,11040.0
2016-08-25,11040.0
2016-08-26,11040.0
2016-08-29,11040.0
2016-08-30,11040.0
2016-08-31,11040.0
2016-09-01,11040.0
2016-09-02,11040.0
2016-09-05,11040.0
2016-09-06,11040.0
2016-09-07,11040.0
2016-09-08,10340.0
2016-09-09,5950.0
2016-09-10,5950.0
2016-09-12,10100.0
2016-09-13,9750.0
2016-09-14,11300.0
2016-09-19,860.0
2016-09-20,860.0
2016-09-21,860.0
2016-09-22,-790.0
2016-09-23,1660.0
2016-09-26,-2490.0
2016-09-29,2510.0
2016-09-30,-3590.0
2016-10-03,-440.0
2016-10-04,2510.0
2016-10-05,1910.0
2016-10-06,2660.0
2016-10-07,2510.0
2016-10-11,-690.0
2016-10-12,2960.0
2016-10-13,-130.0
2016-10-14,-130.0
2016-10-17,-130.0
2016-10-18,-130.0
2016-10-19,-130.0
2016-10-20,-130.0
2016-10-21,-130.0
2016-10-24,-130.0
2016-10-25,2270.0
2016-10-26,220.0
2016-10-27,-2180.0
2016-10-28,-2630.0
2016-10-31,-5220.0
2016-11-01,-5220.0
2016-11-02,-5220.0
2016-11-03,-5220.0
2016-11-04,-5220.0
2016-11-07,-5220.0
2016-11-08,-5220.0
2016-11-09,-5220.0
2016-11-10,-5220.0
2016-11-11,-5220.0
2016-11-14,-5220.0
2016-11-15,-5220.0
2016-11-16,-5220.0
2016-11-17,-5220.0
2016-11-18,-5220.0
2016-11-21,-5220.0
2016-11-22,-5220.0
2016-11-23,-5220.0
2016-11-24,-6120.0
2016-11-25,-5120.0
2016-11-28,-1970.0
2016-11-29,-3120.0
2016-11-30,-1820.0
2016-12-01,-220.0
2016-12-02,-5070.0
2016-12-05,-5420.0
2016-12-06,-70.0
2016-12-07,-70.0
2016-12-08,5230.0
2016-12-09,6280.0
2016-12-12,4530.0
2016-12-13,5730.0
2016-12-14,5180.0
2016-12-15,5230.0
2016-12-16,2330.0
2016-12-19,-970.0
2016-12-20,-210.0
2016-12-21,1190.0
2016-12-22,6240.0
2016-12-23,8090.0
2016-12-26,6490.0
2016-12-27,7090.0
2016-12-28,2090.0
2016-12-29,3640.0
2016-12-30,-410.0
2017-01-03,-1260.0
2017-01-04,-950.0
2017-01-05,2550.0
2017-01-06,3800.0
2017-01-09,2600.0
2017-01-10,2500.0
2017-01-11,2250.0
2017-01-12,6000.0
2017-01-13,4250.0
2017-01-16,-250.0
2017-01-17,2450.0
2017-01-18,2450.0
2017-01-19,560.0
2017-01-20,560.0
2017-01-23,560.0
2017-01-24,1460.0
2017-02-02,-2140.0
2017-02-03,960.0
2017-02-06,4360.0
2017-02-07,5160.0
2017-02-08,4960.0
2017-02-09,7910.0
2017-02-10,12010.0
2017-02-13,14310.0
2017-02-14,14710.0
2017-02-15,19060.0
2017-02-16,17610.0
2017-02-17,17310.0
2017-02-18,18510.0
2017-02-20,17360.0
2017-02-21,17460.0
2017-02-22,18160.0
2017-02-23,17710.0
2017-02-24,17020.0
2017-03-01,17020.0
2017-03-02,17020.0
2017-03-03,17020.0
2017-03-06,17020.0
2017-03-07,17020.0
2017-03-08,17020.0
2017-03-09,17020.0
2017-03-10,17020.0
2017-03-13,17020.0
2017-03-14,17020.0
2017-03-15,17020.0
2017-03-16,17020.0
2017-03-17,17020.0
2017-03-20,18070.0
2017-03-21,21520.0
2017-03-22,18120.0
2017-03-23,18770.0
2017-03-24,18320.0
2017-03-27,16670.0
2017-03-28,17520.0
2017-03-29,16230.0
2017-03-30,16230.0
2017-03-31,16230.0
2017-04-05,16230.0
2017-04-06,16230.0
2017-04-07,16230.0
2017-04-10,16230.0
2017-04-11,16230.0
2017-04-12,16230.0
2017-04-13,16230.0
2017-04-14,16230.0
2017-04-17,16230.0
2017-04-18,16230.0
2017-04-19,16230.0
2017-04-20,16230.0
2017-04-21,16230.0
2017-04-24,16230.0
2017-04-25,16230.0
2017-04-26,16230.0
2017-04-27,16230.0
2017-04-28,16780.0
2017-05-02,20430.0
2017-05-03,20830.0
2017-05-04,21830.0
2017-05-05,18180.0
2017-05-08,19880.0
2017-05-09,19180.0
2017-05-10,21330.0
2017-05-11,23330.0
2017-05-12,22930.0
2017-05-15,25230.0
2017-05-16,25030.0
2017-05-17,23830.0
2017-05-18,21430.0
2017-05-19,20630.0
2017-05-22,22540.0
2017-05-23,22540.0
2017-05-24,22540.0
2017-05-25,25890.0
2017-05-26,25140.0
2017-05-31,21890.0
2017-06-01,23840.0
2017-06-02,27140.0
2017-06-03,28340.0
2017-06-05,30490.0
2017-06-06,29740.0
2017-06-07,29990.0
2017-06-08,31040.0
2017-06-09,30090.0
2017-06-12,26440.0
2017-06-13,27100.0
2017-06-14,27100.0
2017-06-15,27100.0
2017-06-16,27100.0
2017-06-19,27100.0
2017-06-20,27100.0
2017-06-21,31950.0
2017-06-22,25150.0
2017-06-23,24200.0
2017-06-26,32650.0
2017-06-27,31950.0
2017-06-28,26500.0
2017-06-29,28200.0
2017-06-30,26110.0
2017-07-03,26110.0
2017-07-04,26110.0
2017-07-05,26110.0
2017-07-06,26110.0
2017-07-07,26110.0
2017-07-10,26110.0
2017-07-11,26110.0
2017-07-12,26110.0
2017-07-13,26110.0
2017-07-14,25260.0
2017-07-17,26960.0
2017-07-18,28310.0
2017-07-19,30160.0
2017-07-20,24760.0
2017-07-21,21420.0
2017-07-24,18170.0
2017-07-25,18120.0
2017-07-26,16330.0
2017-07-27,16330.0
2017-07-28,16330.0
2017-07-31,16330.0
2017-08-01,16330.0
2017-08-02,16330.0
2017-08-03,16330.0
2017-08-04,16330.0
2017-08-07,16330.0
2017-08-08,14980.0
2017-08-09,11240.0
2017-08-10,11240.0
2017-08-11,7450.0
2017-08-14,7450.0
2017-08-15,7450.0
2017-08-16,7450.0
2017-08-17,7450.0
2017-08-18,7450.0
2017-08-21,7450.0
2017-08-22,7450.0
2017-08-23,7450.0
2017-08-24,7450.0
2017-08-25,8150.0
2017-08-28,8300.0
2017-08-29,7000.0
2017-08-30,10350.0
2017-08-31,11350.0
2017-09-01,12600.0
2017-09-04,11450.0
2017-09-05,12900.0
2017-09-06,9750.0
2017-09-07,8300.0
2017-09-08,11600.0
2017-09-11,12000.0
2017-09-12,13250.0
2017-09-13,9850.0
2017-09-14,10210.0
2017-09-15,10210.0
2017-09-18,10210.0
2017-09-19,6660.0
2017-09-20,5120.0
2017-09-21,1770.0
2017-09-22,8820.0
2017-09-25,13820.0
2017-09-26,17320.0
2017-09-27,14370.0
2017-09-28,15370.0
2017-09-29,14420.0
2017-09-30,11320.0
2017-10-02,7920.0
2017-10-03,7270.0
2017-10-05,5080.0
2017-10-06,4580.0
2017-10-11,10030.0
2017-10-12,13330.0
2017-10-13,13880.0
2017-10-16,16180.0
2017-10-17,14480.0
2017-10-18,14830.0
2017-10-19,16430.0
2017-10-20,14880.0
2017-10-23,15180.0
2017-10-24,15680.0
2017-10-25,15380.0
2017-10-26,14730.0
2017-10-27,13880.0
2017-10-30,15730.0
2017-10-31,17580.0
2017-11-01,18830.0
2017-11-02,17330.0
2017-11-03,17730.0
2017-11-06,16790.0
2017-11-07,16790.0
2017-11-08,16790.0
2017-11-09,16790.0
2017-11-10,16790.0
2017-11-13,16790.0
2017-11-14,16790.0
2017-11-15,16790.0
2017-11-16,16790.0
2017-11-17,16790.0
2017-11-20,16790.0
2017-11-21,16790.0
2017-11-22,16790.0
2017-11-23,16790.0
2017-11-24,17390.0
2017-11-27,11700.0
2017-11-28,11700.0
2017-11-29,12600.0
2017-11-30,20300.0
2017-12-01,18850.0
2017-12-04,16550.0
2017-12-05,20400.0
2017-12-06,29800.0
2017-12-07,30950.0
2017-12-08,29200.0
2017-12-11,25050.0
2017-12-12,27400.0
2017-12-13,26500.0
2017-12-14,22650.0
2017-12-15,24800.0
2017-12-18,23950.0
2017-12-19,26300.0
2017-12-20,24250.0
2017-12-21,24160.0
2017-12-22,24160.0
2017-12-25,24160.0
2017-12-26,24160.0
2017-12-27,24160.0
2017-12-28,24160.0
2017-12-29,24160.0
2018-01-02,24160.0
2018-01-03,24160.0
2018-01-04,24160.0
2018-01-05,24160.0
2018-01-08,24160.0
2018-01-09,24160.0
2018-01-10,24160.0
2018-01-11,24160.0
2018-01-12,24160.0
2018-01-15,24160.0
2018-01-16,24160.0
2018-01-17,24160.0
2018-01-18,24160.0
2018-01-19,24160.0
2018-01-22,24160.0
2018-01-23,24160.0
2018-01-24,24160.0
2018-01-25,24160.0
2018-01-26,24160.0
2018-01-29,24160.0
2018-01-30,24160.0
2018-01-31,24160.0
2018-02-01,24160.0
2018-02-02,24160.0
2018-02-05,24160.0
2018-02-06,24160.0
2018-02-07,24160.0
2018-02-08,24160.0
2018-02-09,24160.0
2018-02-12,24160.0
2018-02-21,24160.0
2018-02-22,24160.0
2018-02-23,24160.0
2018-02-26,24160.0
2018-02-27,24160.0
2018-03-01,24160.0
2018-03-02,24160.0
2018-03-05,24160.0
2018-03-06,24160.0
2018-03-07,23970.0
2018-03-08,23970.0
2018-03-09,23970.0
2018-03-12,23970.0
2018-03-13,23970.0
2018-03-14,23970.0
2018-03-15,23970.0
2018-03-16,23970.0
2018-03-19,23970.0
2018-03-20,23970.0
2018-03-21,23970.0
2018-03-22,23970.0
2018-03-23,23970.0
2018-03-26,18880.0
2018-03-27,18880.0
2018-03-28,18880.0
2018-03-29,18880.0
2018-03-30,18880.0
2018-03-31,18880.0
2018-04-02,18880.0
2018-04-03,18880.0
2018-04-09,18880.0
2018-04-10,18880.0
2018-04-11,18880.0
2018-04-12,18880.0
2018-04-13,18230.0
2018-04-16,17530.0
2018-04-17,13790.0
2018-04-18,13940.0
2018-04-19,8700.0
2018-04-20,8700.0
2018-04-23,8700.0
2018-04-24,8700.0
2018-04-25,8700.0
2018-04-26,8700.0
2018-04-27,8700.0
2018-04-30,8700.0
2018-05-02,8700.0
2018-05-03,8700.0
2018-05-04,8700.0
2018-05-07,8700.0
2018-05-08,8700.0
2018-05-09,8700.0
2018-05-10,8700.0
2018-05-11,8700.0
2018-05-14,8700.0
2018-05-15,8700.0
2018-05-16,8700.0
2018-05-17,8700.0
2018-05-18,8700.0
2018-05-21,8700.0
2018-05-22,8700.0
2018-05-23,8700.0
2018-05-24,8700.0
2018-05-25,8700.0
2018-05-28,8700.0
2018-05-29,8700.0
2018-05-30,8700.0
2018-05-31,8700.0
2018-06-01,8700.0
2018-06-04,8700.0
2018-06-05,8700.0
2018-06-06,8700.0
2018-06-07,8700.0
2018-06-08,8700.0
2018-06-11,8700.0
2018-06-12,8700.0
2018-06-13,8700.0
2018-06-14,8700.0
2018-06-15,8700.0
2018-06-19,8700.0
2018-06-20,8700.0
2018-06-21,8700.0
2018-06-22,8700.0
2018-06-25,8700.0
2018-06-26,8700.0
2018-06-27,8700.0
2018-06-28,8700.0
2018-06-29,8700.0
2018-07-02,8700.0
2018-07-03,8700.0
2018-07-04,8700.0
2018-07-05,8700.0
2018-07-06,8700.0
2018-07-09,8700.0
2018-07-10,8700.0
2018-07-11,8700.0
2018-07-12,8700.0
2018-07-13,8700.0
2018-07-16,8700.0
2018-07-17,8700.0
2018-07-18,8700.0
2018-07-19,8700.0
2018-07-20,8700.0
2018-07-23,8700.0
2018-07-24,8700.0
2018-07-25,8700.0
2018-07-26,8700.0
2018-07-27,8700.0
2018-07-30,8700.0
2018-07-31,8700.0
2018-08-01,8700.0
2018-08-02,8700.0
2018-08-03,8700.0
2018-08-06,8700.0
2018-08-07,8700.0
2018-08-08,8700.0
2018-08-09,8700.0
2018-08-10,8700.0
2018-08-13,8700.0
2018-08-14,7400.0
2018-08-15,11500.0
2018-08-16,13900.0
2018-08-17,15300.0
2018-08-20,14850.0
2018-08-21,9950.0
2018-08-22,10150.0
2018-08-23,6350.0
2018-08-24,8950.0
2018-08-27,4050.0
2018-08-28,1010.0
2018-08-29,4160.0
2018-08-30,3110.0
2018-08-31,3010.0
2018-09-03,-1340.0
2018-09-04,2110.0
2018-09-05,-540.0
2018-09-06,-4080.0
2018-09-07,-4080.0
2018-09-10,2270.0
2018-09-11,1820.0
2018-09-12,2670.0
2018-09-13,2970.0
2018-09-14,-5180.0
2018-09-17,-2330.0
2018-09-18,-230.0
2018-09-19,-4730.0
2018-09-20,-3530.0
2018-09-21,-9170.0
2018-09-25,-8020.0
2018-09-26,-8370.0
2018-09-27,-7970.0
2018-09-28,-9170.0
2018-10-01,-6620.0
2018-10-02,-13020.0
2018-10-03,-14260.0
2018-10-04,-14260.0
2018-10-05,-6960.0
2018-10-08,-4510.0
2018-10-09,-4610.0
2018-10-11,36340.0
2018-10-12,20890.0
2018-10-15,25240.0
2018-10-16,20890.0
2018-10-17,18740.0
2018-10-18,24190.0
2018-10-19,23190.0
2018-10-22,21640.0
2018-10-23,32040.0
2018-10-24,32690.0
2018-10-25,43990.0
2018-10-26,47340.0
2018-10-29,44790.0
2018-10-30,42190.0
2018-10-31,31990.0
2018-11-01,28850.0
2018-11-02,28850.0
2018-11-05,28850.0
2018-11-06,28850.0
2018-11-07,28850.0
2018-11-08,28850.0
2018-11-09,28850.0
2018-11-12,28850.0
2018-11-13,28850.0
2018-11-14,28850.0
2018-11-15,28850.0
2018-11-16,28850.0
2018-11-19,28850.0
2018-11-20,28850.0
2018-11-21,28850.0
2018-11-22,28850.0
2018-11-23,28850.0
2018-11-26,28850.0
2018-11-27,28850.0
2018-11-28,28850.0
2018-11-29,28850.0
2018-11-30,28850.0
2018-12-03,28850.0
2018-12-04,28850.0
2018-12-05,28850.0
2018-12-06,28850.0
2018-12-07,28850.0
2018-12-10,28850.0
2018-12-11,27150.0
2018-12-12,23760.0
2018-12-13,23760.0
2018-12-14,18670.0
2018-12-17,18670.0
2018-12-18,18670.0
2018-12-19,18670.0
2018-12-20,18670.0
2018-12-21,17070.0
2018-12-22,20570.0
2018-12-24,18920.0
2018-12-25,26070.0
2018-12-26,26970.0
2018-12-27,18320.0
2018-12-28,16470.0
2019-01-02,11880.0
2019-01-03,11880.0
2019-01-04,11880.0
2019-01-07,11880.0
2019-01-08,11880.0
2019-01-09,11880.0
2019-01-10,11030.0
2019-01-11,13680.0
2019-01-14,10680.0
2019-01-15,16080.0
2019-01-16,15430.0
2019-01-17,15280.0
2019-01-18,17280.0
2019-01-21,19580.0
2019-01-22,18580.0
2019-01-23,17280.0
2019-01-24,19380.0
2019-01-25,24830.0
2019-01-28,25580.0
2019-01-29,22380.0
2019-01-30,22530.0
2019-02-11,26230.0
2019-02-12,30580.0
2019-02-13,30580.0
2019-02-14,30330.0
2019-02-15,28380.0
2019-02-18,33180.0
2019-02-19,33580.0
2019-02-20,39080.0
2019-02-21,42530.0
2019-02-22,41730.0
2019-02-25,44680.0
2019-02-26,43980.0
2019-02-27,44380.0
2019-03-04,41930.0
2019-03-05,40030.0
2019-03-06,42480.0
2019-03-07,39290.0
2019-03-08,39290.0
2019-03-11,39290.0
2019-03-12,39290.0
2019-03-13,39290.0
2019-03-14,39290.0
2019-03-15,39290.0
2019-03-18,39290.0
2019-03-19,39290.0
2019-03-20,41940.0
2019-03-21,44090.0
2019-03-22,45340.0
2019-03-25,36540.0
2019-03-26,40750.0
2019-03-27,40750.0
2019-03-28,40750.0
2019-03-29,40750.0
2019-04-01,40750.0
2019-04-02,40750.0
2019-04-03,41150.0
2019-04-08,45000.0
2019-04-09,48600.0
2019-04-10,49550.0
2019-04-11,46700.0
2019-04-12,46550.0
2019-04-15,50250.0
2019-04-16,53000.0
2019-04-17,56700.0
2019-04-18,53350.0
2019-04-19,55150.0
2019-04-22,55400.0
2019-04-23,57650.0
2019-04-24,56900.0
2019-04-25,58000.0
2019-04-26,53060.0
2019-04-29,53060.0
2019-04-30,53060.0
2019-05-02,53060.0
2019-05-03,53060.0
2019-05-06,53060.0
2019-05-07,53060.0
2019-05-08,53060.0
2019-05-09,53060.0
2019-05-10,53060.0
2019-05-13,53060.0
2019-05-14,53060.0
2019-05-15,53060.0
2019-05-16,53060.0
2019-05-17,53060.0
2019-05-20,53060.0
2019-05-21,53060.0
2019-05-22,53060.0
2019-05-23,53060.0
2019-05-24,53060.0
2019-05-27,53060.0
2019-05-28,53060.0
2019-05-29,53060.0
2019-05-30,53060.0
2019-05-31,53060.0
2019-06-03,53060.0
2019-06-04,53060.0
2019-06-05,53060.0
2019-06-06,53060.0
2019-06-10,53060.0
2019-06-11,53060.0
2019-06-12,53060.0
2019-06-13,53060.0
2019-06-14,53060.0
2019-06-17,53060.0
2019-06-18,53060.0
2019-06-19,53060.0
2019-06-20,53060.0
2019-06-21,53060.0
2019-06-24,53060.0
2019-06-25,53060.0
2019-06-26,53060.0
2019-06-27,53060.0
2019-06-28,53060.0
2019-07-01,53060.0
2019-07-02,53060.0
2019-07-03,53060.0
2019-07-04,53060.0
2019-07-05,53060.0
2019-07-08,53060.0
2019-07-09,53060.0
2019-07-10,53060.0
2019-07-11,53060.0
2019-07-12,53060.0
2019-07-15,53060.0
2019-07-16,53060.0
2019-07-17,53060.0
2019-07-18,53060.0
2019-07-19,53060.0
2019-07-22,53060.0
2019-07-23,53060.0
2019-07-24,53060.0
2019-07-25,53060.0
2019-07-26,53060.0
2019-07-29,53060.0
2019-07-30,53060.0
2019-07-31,53060.0
2019-08-01,53060.0
2019-08-02,53060.0
2019-08-05,53060.0
2019-08-06,53060.0
2019-08-07,53060.0
2019-08-08,53060.0
2019-08-12,53060.0
2019-08-13,53060.0
2019-08-14,53060.0
2019-08-15,53060.0
2019-08-16,53060.0
2019-08-19,53060.0
2019-08-20,53060.0
2019-08-21,53060.0
2019-08-22,53060.0
2019-08-23,53060.0
2019-08-26,53060.0
2019-08-27,53060.0
2019-08-28,51470.0
2019-08-29,51470.0
2019-08-30,51470.0
2019-09-02,51470.0
2019-09-03,51470.0
2019-09-04,51470.0
2019-09-05,51470.0
2019-09-06,51470.0
2019-09-09,51470.0
2019-09-10,51470.0
2019-09-11,51470.0
2019-09-12,51470.0
2019-09-16,51470.0
2019-09-17,51470.0
2019-09-18,51470.0
2019-09-19,51470.0
2019-09-20,51470.0
2019-09-23,51470.0
2019-09-24,51470.0
2019-09-25,51470.0
2019-09-26,51470.0
2019-09-27,51470.0
2019-10-01,51470.0
2019-10-02,51470.0
2019-10-03,51470.0
2019-10-04,51470.0
2019-10-07,51470.0
2019-10-08,51470.0
2019-10-09,51470.0
2019-10-14,51470.0
2019-10-15,53070.0
2019-10-16,54820.0
2019-10-17,55570.0
2019-10-18,55020.0
2019-10-21,55470.0
2019-10-22,59570.0
2019-10-23,57670.0
2019-10-24,62070.0
2019-10-25,61720.0
2019-10-28,63070.0
2019-10-29,63820.0
2019-10-30,64470.0
2019-10-31,64870.0
2019-11-01,66070.0
2019-11-04,74870.0
2019-11-05,79870.0
2019-11-06,80170.0
2019-11-07,77320.0
2019-11-08,76170.0
2019-11-11,69470.0
2019-11-12,73630.0
2019-11-13,73630.0
2019-11-14,73630.0
2019-11-15,73630.0
2019-11-18,73630.0
2019-11-19,73630.0
2019-11-20,73630.0
2019-11-21,73630.0
2019-11-22,73630.0
2019-11-25,73630.0
2019-11-26,73630.0
2019-11-27,73630.0
2019-11-28,73630.0
2019-11-29,73630.0
2019-12-02,73630.0
2019-12-03,73630.0
2019-12-04,73630.0
2019-12-05,73630.0
2019-12-06,73630.0
2019-12-09,73630.0
2019-12-10,73630.0
2019-12-11,73630.0
2019-12-12,73630.0
2019-12-13,73080.0
2019-12-16,72780.0
2019-12-17,79730.0
2019-12-18,80730.0
2019-12-19,76430.0
2019-12-20,73780.0
2019-12-23,75780.0
2019-12-24,73980.0
2019-12-25,75780.0
2019-12-26,75230.0
2019-12-27,79680.0
2019-12-30,78330.0
2019-12-31,74490.0
2020-01-02,74490.0
2020-01-03,74490.0
2020-01-06,74490.0
2020-01-07,74490.0
2020-01-08,74490.0
2020-01-09,74490.0
2020-01-10,74490.0
2020-01-13,74490.0
2020-01-14,74490.0
2020-01-15,74490.0
2020-01-16,74490.0
2020-01-17,74490.0
2020-01-20,74490.0
2020-01-30,74490.0
2020-01-31,74490.0
2020-02-03,74490.0
2020-02-04,74490.0
2020-02-05,74490.0
2020-02-06,74490.0
2020-02-07,74490.0
2020-02-10,74490.0
2020-02-11,74490.0
2020-02-12,74490.0
2020-02-13,74490.0
2020-02-14,74490.0
2020-02-17,74490.0
2020-02-18,74490.0
2020-02-19,74490.0
2020-02-20,74490.0
2020-02-21,74490.0
2020-02-24,74490.0
2020-02-25,69400.0
2020-02-26,69400.0
2020-02-27,69400.0
2020-03-02,69400.0
2020-03-03,69400.0
2020-03-04,69400.0
2020-03-05,69400.0
2020-03-06,69400.0
2020-03-09,69400.0
2020-03-10,69400.0
2020-03-11,69400.0
2020-03-12,69400.0
2020-03-13,69400.0
2020-03-16,69400.0
2020-03-17,69400.0
2020-03-18,69400.0
2020-03-19,69400.0
2020-03-20,69400.0
2020-03-23,69400.0
2020-03-24,69400.0
2020-03-25,69400.0
2020-03-26,69400.0
2020-03-27,69400.0
2020-03-30,69400.0
2020-03-31,69400.0
2020-04-01,69400.0
2020-04-06,69400.0
2020-04-07,69400.0
2020-04-08,69400.0
2020-04-09,69400.0
2020-04-10,69400.0
2020-04-13,69400.0
2020-04-14,69400.0
2020-04-15,69400.0
2020-04-16,69400.0
2020-04-17,69400.0
2020-04-20,69400.0
2020-04-21,69400.0
2020-04-22,69400.0
2020-04-23,69400.0
2020-04-24,69400.0
2020-04-27,69400.0
2020-04-28,69400.0
2020-04-29,69400.0
2020-04-30,69400.0
2020-05-04,69400.0
2020-05-05,69400.0
2020-05-06,69400.0
2020-05-07,69400.0
2020-05-08,69400.0
2020-05-11,69400.0
2020-05-12,69400.0
2020-05-13,69400.0
2020-05-14,69400.0
2020-05-15,69400.0
2020-05-18,69400.0
2020-05-19,69400.0
2020-05-20,69400.0
2020-05-21,69400.0
2020-05-22,69400.0
2020-05-25,69400.0
2020-05-26,69400.0
2020-05-27,69400.0
2020-05-28,69400.0
2020-05-29,69400.0
2020-06-01,69400.0
2020-06-02,69400.0
2020-06-03,71050.0
2020-06-04,74850.0
2020-06-05,79750.0
2020-06-08,85450.0
2020-06-09,87200.0
2020-06-10,92150.0
2020-06-11,81350.0
2020-06-12,76650.0
2020-06-15,68210.0
2020-06-16,68210.0
2020-06-17,68210.0
2020-06-18,68210.0
2020-06-19,68210.0
2020-06-22,68210.0
2020-06-23,68210.0
2020-06-24,68210.0
2020-06-29,68210.0
2020-06-30,68210.0
2020-07-01,68210.0
2020-07-02,68210.0
2020-07-03,68210.0
2020-07-06,75160.0
2020-07-07,73110.0
2020-07-08,78060.0
2020-07-09,79160.0
2020-07-10,71610.0
2020-07-13,82110.0
2020-07-14,81110.0
2020-07-15,82760.0
2020-07-16,73310.0
2020-07-17,73620.0
2020-07-20,73620.0
2020-07-21,73620.0
2020-07-22,73620.0
2020-07-23,68530.0
2020-07-24,68530.0
2020-07-27,68530.0
2020-07-28,63440.0
2020-07-29,63440.0
2020-07-30,63440.0
2020-07-31,63440.0
2020-08-03,63440.0
2020-08-04,63440.0
2020-08-05,63440.0
2020-08-06,63440.0
2020-08-07,63440.0
2020-08-10,63440.0
2020-08-11,63440.0
2020-08-12,63440.0
2020-08-13,63440.0
2020-08-14,63440.0
2020-08-17,63440.0
2020-08-18,63440.0
2020-08-19,63440.0
2020-08-20,63440.0
2020-08-21,63440.0
2020-08-24,63440.0
2020-08-25,63440.0
2020-08-26,63440.0
2020-08-27,63440.0
2020-08-28,63440.0
2020-08-31,63440.0
2020-09-01,63440.0
2020-09-02,63440.0
2020-09-03,63440.0
2020-09-04,63440.0
2020-09-07,63440.0
2020-09-08,63440.0
2020-09-09,63440.0
2020-09-10,63440.0
2020-09-11,63440.0
2020-09-14,63440.0
2020-09-15,63440.0
2020-09-16,63440.0
2020-09-17,61140.0
2020-09-18,62090.0
2020-09-21,58350.0
2020-09-22,64350.0
2020-09-23,63350.0
2020-09-24,80900.0
2020-09-25,79900.0
2020-09-28,68800.0
2020-09-29,68750.0
2020-09-30,66200.0
2020-10-05,63250.0
2020-10-06,55910.0
2020-10-07,55910.0
2020-10-08,58010.0
2020-10-12,60310.0
2020-10-13,60210.0
2020-10-14,58810.0
2020-10-15,50820.0
2020-10-16,50820.0
2020-10-19,50820.0
2020-10-20,50820.0
2020-10-21,50820.0
2020-10-22,50820.0
2020-10-23,50820.0
2020-10-26,50820.0
2020-10-27,50820.0
2020-10-28,50820.0
2020-10-29,50380.0
2020-10-30,50380.0
2020-11-02,50380.0
2020-11-03,50380.0
2020-11-04,50380.0
2020-11-05,50380.0
2020-11-06,50380.0
2020-11-09,52430.0
2020-11-10,49580.0
2020-11-11,59280.0
2020-11-12,57530.0
2020-11-13,60330.0
2020-11-16,75130.0
2020-11-17,77180.0
2020-11-18,83930.0
2020-11-19,83080.0
2020-11-20,82830.0
2020-11-23,89880.0
2020-11-24,86230.0
2020-11-25,81530.0
2020-11-26,88180.0
2020-11-27,89930.0
2020-11-30,81980.0
2020-12-01,89980.0
2020-12-02,93980.0
2020-12-03,95330.0
2020-12-04,102930.0
2020-12-07,107280.0
2020-12-08,113130.0
2020-12-09,115880.0
2020-12-10,108030.0
2020-12-11,108030.0
2020-12-14,106040.0
2020-12-15,106040.0
2020-12-16,106040.0
2020-12-17,106040.0
2020-12-18,106040.0
2020-12-21,106040.0
2020-12-22,106040.0
2020-12-23,106040.0
2020-12-24,106040.0
2020-12-25,106040.0
2020-12-28,106040.0
2020-12-29,106040.0
2020-12-30,106040.0
2020-12-31,105990.0
2021-01-04,115790.0
2021-01-05,120990.0
2021-01-06,117490.0
2021-01-07,133590.0
2021-01-08,144790.0
2021-01-11,148940.0
2021-01-12,146490.0
2021-01-13,160190.0
2021-01-14,158390.0
2021-01-15,153840.0
2021-01-18,152490.0
2021-01-19,166740.0
2021-01-20,160290.0
2021-01-21,178540.0
2021-01-22,171140.0
2021-01-25,167690.0
2021-01-26,153200.0
2021-01-27,153200.0
2021-01-28,153200.0
2021-01-29,153200.0
2021-02-01,153200.0
2021-02-02,153200.0
2021-02-03,153200.0
2021-02-04,153200.0
2021-02-05,153200.0
2021-02-17,153200.0
2021-02-18,153200.0
2021-02-19,148110.0
2021-02-22,148110.0
2021-02-23,148110.0
2021-02-24,148110.0
2021-02-25,148110.0
2021-02-26,148110.0
2021-03-02,148110.0
2021-03-03,148110.0
2021-03-04,148110.0
2021-03-05,148110.0
2021-03-08,148110.0
2021-03-09,148110.0
2021-03-10,148110.0
2021-03-11,148110.0
2021-03-12,148110.0
2021-03-15,148110.0
2021-03-16,148110.0
2021-03-17,148110.0
2021-03-18,148110.0
2021-03-19,148110.0
2021-03-22,148110.0
2021-03-23,148110.0
2021-03-24,148110.0
2021-03-25,148110.0
2021-03-26,148110.0
2021-03-29,148110.0
2021-03-30,148110.0
2021-03-31,143020.0
2021-04-01,143020.0
2021-04-06,143020.0
2021-04-07,143020.0
2021-04-08,143020.0
2021-04-09,143020.0
2021-04-12,143020.0
2021-04-13,143020.0
2021-04-14,143020.0
2021-04-15,143020.0
2021-04-16,143020.0
2021-04-19,143020.0
2021-04-20,143020.0
2021-04-21,143020.0
2021-04-22,143020.0
2021-04-23,143020.0
2021-04-26,143020.0
2021-04-27,143020.0
2021-04-28,143020.0
2021-04-29,143020.0
2021-05-03,143020.0
2021-05-04,143020.0
2021-05-05,143020.0
2021-05-06,143020.0
2021-05-07,143020.0
2021-05-10,143020.0
2021-05-11,143020.0
2021-05-12,143020.0
2021-05-13,143020.0
2021-05-14,143020.0
2021-05-17,143020.0
2021-05-18,143020.0
2021-05-19,143020.0
2021-05-20,143020.0
2021-05-21,143020.0
2021-05-24,143020.0
2021-05-25,143020.0
2021-05-26,143020.0
2021-05-27,137930.0
2021-05-28,137930.0
2021-05-31,137930.0
2021-06-01,137930.0
2021-06-02,137930.0
2021-06-03,137930.0
2021-06-04,137930.0
2021-06-07,137930.0
2021-06-08,137930.0
2021-06-09,137930.0
2021-06-10,137930.0
2021-06-11,137930.0
2021-06-15,137930.0
2021-06-16,137930.0
2021-06-17,137930.0
2021-06-18,137930.0
2021-06-21,137930.0
2021-06-22,137930.0
2021-06-23,132840.0
2021-06-24,132840.0
2021-06-25,132840.0
2021-06-28,135440.0
2021-06-29,135240.0
2021-06-30,144490.0
2021-07-01,141040.0
2021-07-02,141290.0
2021-07-05,153740.0
2021-07-06,152640.0
2021-07-07,150140.0
2021-07-08,149840.0
2021-07-09,141790.0
2021-07-12,150190.0
2021-07-13,152190.0
2021-07-14,152250.0
2021-07-15,152250.0
2021-07-16,157350.0
2021-07-19,146910.0
2021-07-20,146910.0
2021-07-21,146910.0
2021-07-22,146910.0
2021-07-23,146910.0
2021-07-26,146910.0
2021-07-27,146910.0
2021-07-28,146910.0
2021-07-29,146910.0
2021-07-30,146910.0
2021-08-02,146910.0
2021-08-03,146910.0
2021-08-04,146910.0
2021-08-05,146910.0
2021-08-06,146910.0
2021-08-09,146910.0
2021-08-10,146910.0
2021-08-11,146910.0
2021-08-12,146910.0
2021-08-13,146910.0
2021-08-16,146910.0
2021-08-17,146910.0
2021-08-18,146910.0
2021-08-19,146910.0
2021-08-20,146910.0
2021-08-23,146910.0
2021-08-24,146910.0
2021-08-25,146910.0
2021-08-26,146910.0
2021-08-27,146910.0
2021-08-30,146910.0
2021-08-31,146910.0
2021-09-01,146910.0
2021-09-02,146910.0
2021-09-03,146910.0
2021-09-06,146910.0
2021-09-07,146910.0
2021-09-08,146910.0
2021-09-09,146910.0
2021-09-10,146910.0
2021-09-13,146910.0
2021-09-14,146910.0
2021-09-15,146910.0
2021-09-16,146910.0
2021-09-17,146910.0
2021-09-22,146910.0
2021-09-23,141820.0
2021-09-24,141820.0
2021-09-27,141820.0
2021-09-28,141820.0
2021-09-29,141820.0
2021-09-30,141820.0
2021-10-01,141820.0
2021-10-04,141820.0
2021-10-05,141820.0
2021-10-06,141820.0
2021-10-07,141820.0
2021-10-08,141820.0
2021-10-12,141820.0
2021-10-13,141820.0
2021-10-14,141820.0
2021-10-15,141820.0
2021-10-18,141820.0
2021-10-19,141820.0
2021-10-20,141820.0
2021-10-21,141820.0
2021-10-22,141820.0
2021-10-25,141820.0
2021-10-26,141820.0
2021-10-27,141820.0
2021-10-28,141820.0
2021-10-29,141820.0
2021-11-01,141820.0
2021-11-02,141820.0
2021-11-03,141820.0
2021-11-04,141820.0
2021-11-05,141820.0
2021-11-08,141820.0
2021-11-09,141820.0
2021-11-10,141820.0
2021-11-11,141820.0
2021-11-12,141820.0
2021-11-15,141820.0
2021-11-16,141820.0
2021-11-17,141820.0
2021-11-18,141820.0
2021-11-19,141820.0
2021-11-22,141820.0
2021-11-23,141820.0
2021-11-24,141820.0
2021-11-25,141820.0
2021-11-26,141820.0
2021-11-29,136730.0
2021-11-30,136730.0
2021-12-01,136730.0
2021-12-02,136730.0
2021-12-03,136730.0
2021-12-06,136730.0
2021-12-07,136730.0
2021-12-08,136730.0
2021-12-09,136730.0
2021-12-10,137130.0
2021-12-13,133740.0
2021-12-14,133740.0
2021-12-15,133740.0
2021-12-16,133740.0
2021-12-17,133740.0
2021-12-20,133740.0
2021-12-21,133740.0
2021-12-22,133740.0
2021-12-23,133740.0
2021-12-24,133740.0
2021-12-27,138540.0
2021-12-28,145390.0
2021-12-29,148890.0
2021-12-30,145690.0
2022-01-03,148640.0
2022-01-04,160840.0
2022-01-05,159040.0
2022-01-06,151940.0
2022-01-07,142440.0
2022-01-10,148090.0
2022-01-11,149050.0
2022-01-12,149050.0
2022-01-13,149050.0
2022-01-14,143960.0
2022-01-17,143960.0
2022-01-18,138870.0
2022-01-19,138870.0
2022-01-20,138870.0
2022-01-21,138870.0
2022-01-24,138870.0
2022-01-25,138870.0
2022-01-26,138870.0
2022-02-07,138870.0
2022-02-08,138870.0
2022-02-09,138870.0
2022-02-10,138870.0
2022-02-11,138870.0
2022-02-14,138870.0
2022-02-15,138870.0
2022-02-16,138870.0
2022-02-17,138870.0
2022-02-18,146770.0
2022-02-21,133780.0
2022-02-22,133780.0
2022-02-23,128690.0
2022-02-24,128690.0
2022-02-25,128690.0
2022-03-01,128690.0
2022-03-02,128690.0
2022-03-03,128690.0
2022-03-04,128690.0
2022-03-07,128690.0
2022-03-08,128690.0
2022-03-09,128690.0
2022-03-10,128690.0
2022-03-11,128690.0
2022-03-14,128690.0
2022-03-15,128690.0
2022-03-16,128690.0
2022-03-17,128690.0
2022-03-18,128690.0
2022-03-21,128690.0
2022-03-22,128690.0
2022-03-23,128690.0
2022-03-24,128690.0
2022-03-25,128690.0
2022-03-28,128690.0
2022-03-29,128690.0
2022-03-30,128690.0
2022-03-31,128690.0
2022-04-01,128690.0
2022-04-06,128690.0
2022-04-07,128690.0
2022-04-08,128690.0
2022-04-11,137890.0
2022-04-12,139640.0
2022-04-13,123600.0
2022-04-14,123600.0
2022-04-15,123600.0
2022-04-18,123600.0
2022-04-19,123600.0
2022-04-20,123600.0
2022-04-21,123600.0
2022-04-22,123600.0
2022-04-25,123600.0
2022-04-26,123600.0
2022-04-27,123600.0
2022-04-28,123600.0
2022-04-29,123600.0
2022-05-03,123600.0
2022-05-04,123600.0
2022-05-05,123600.0
2022-05-06,123600.0
2022-05-09,123600.0
2022-05-10,123600.0
2022-05-11,123600.0
2022-05-12,123600.0
2022-05-13,123600.0
2022-05-16,123600.0
2022-05-17,123600.0
2022-05-18,123600.0
2022-05-19,123600.0
2022-05-20,123600.0
2022-05-23,123600.0
2022-05-24,123600.0
2022-05-25,123600.0
2022-05-26,123600.0
2022-05-27,123600.0
2022-05-30,123600.0
2022-05-31,123600.0
2022-06-01,123600.0
2022-06-02,123600.0
2022-06-06,123600.0
2022-06-07,123600.0
2022-06-08,123600.0
2022-06-09,123600.0
2022-06-10,123600.0
2022-06-13,123600.0
2022-06-14,123600.0
2022-06-15,123750.0
2022-06-16,156500.0
2022-06-17,166750.0
2022-06-20,175150.0
2022-06-21,159800.0
2022-06-22,176000.0
2022-06-23,179700.0
2022-06-24,174000.0
2022-06-27,163100.0
2022-06-28,167200.0
2022-06-29,175850.0
2022-06-30,195650.0
2022-07-01,218250.0
2022-07-04,219250.0
2022-07-05,215400.0
2022-07-06,232950.0
2022-07-07,217700.0
2022-07-08,210350.0
2022-07-11,212850.0
2022-07-12,231050.0
2022-07-13,212750.0
2022-07-14,207310.0
2022-07-15,207310.0
2022-07-18,207310.0
2022-07-19,207310.0
2022-07-20,207310.0
2022-07-21,207310.0
2022-07-22,207310.0
2022-07-25,207310.0
2022-07-26,207310.0
2022-07-27,207310.0
2022-07-28,207310.0
2022-07-29,207310.0
2022-08-01,207310.0
2022-08-02,207310.0
2022-08-03,207310.0
2022-08-04,207310.0
2022-08-05,207310.0
2022-08-08,207310.0
2022-08-09,207310.0
2022-08-10,207310.0
2022-08-11,207310.0
2022-08-12,207310.0
2022-08-15,207310.0
2022-08-16,207310.0
2022-08-17,207310.0
2022-08-18,207310.0
2022-08-19,207310.0
2022-08-22,207310.0
2022-08-23,207310.0
2022-08-24,207310.0
2022-08-25,202220.0
2022-08-26,202220.0
2022-08-29,202220.0
2022-08-30,202220.0
2022-08-31,202220.0
2022-09-01,202220.0
2022-09-02,202220.0
2022-09-05,202220.0
2022-09-06,202220.0
2022-09-07,202220.0
2022-09-08,202220.0
2022-09-12,202220.0
2022-09-13,202220.0
2022-09-14,202220.0
2022-09-15,202220.0
2022-09-16,202220.0
2022-09-19,202220.0
2022-09-20,202220.0
2022-09-21,202220.0
2022-09-22,202220.0
2022-09-23,202220.0
2022-09-26,202220.0
2022-09-27,202220.0
2022-09-28,202220.0
2022-09-29,202220.0
2022-09-30,202220.0
2022-10-03,202220.0
2022-10-04,202220.0
2022-10-05,202220.0
2022-10-06,202220.0
2022-10-07,202220.0
2022-10-11,202220.0
2022-10-12,200520.0
2022-10-13,210770.0
2022-10-14,196980.0
2022-10-17,196980.0
2022-10-18,196980.0
2022-10-19,196980.0
2022-10-20,196980.0
2022-10-21,196980.0
2022-10-24,196980.0
2022-10-25,196980.0
2022-10-26,196980.0
2022-10-27,196980.0
2022-10-28,196980.0
2022-10-31,196980.0
2022-11-01,196980.0
2022-11-02,196980.0
2022-11-03,196980.0
2022-11-04,196980.0
2022-11-07,196980.0
2022-11-08,196980.0
2022-11-09,196980.0
2022-11-10,196980.0
2022-11-11,196980.0
2022-11-14,196980.0
2022-11-15,196980.0
2022-11-16,196980.0
2022-11-17,196980.0
2022-11-18,196980.0
2022-11-21,196980.0
2022-11-22,196980.0
2022-11-23,196980.0
2022-11-24,196980.0
2022-11-25,196980.0
2022-11-28,196980.0
2022-11-29,196980.0
2022-11-30,196980.0
2022-12-01,196980.0
2022-12-02,196980.0
2022-12-05,196980.0
2022-12-06,196980.0
2022-12-07,196980.0
2022-12-08,196980.0
2022-12-09,196980.0
2022-12-12,196980.0
2022-12-13,196980.0
2022-12-14,196980.0
2022-12-15,196980.0
2022-12-16,196980.0
2022-12-19,196980.0
2022-12-20,196980.0
2022-12-21,196980.0
2022-12-22,196980.0
2022-12-23,196980.0
2022-12-26,196980.0
2022-12-27,196980.0
2022-12-28,196980.0
2022-12-29,196980.0
2022-12-30,196980.0
2023-01-03,196980.0
2023-01-04,196980.0
2023-01-05,196980.0
2023-01-06,196980.0
2023-01-09,196980.0
2023-01-10,199880.0
2023-01-11,198980.0
2023-01-12,197980.0
2023-01-13,201280.0
2023-01-16,206330.0
2023-01-17,205930.0
2023-01-30,232130.0
2023-01-31,222880.0
2023-02-01,228530.0
2023-02-02,238630.0
2023-02-03,238580.0
2023-02-06,229830.0
2023-02-07,229330.0
2023-02-08,239930.0
2023-02-09,239530.0
2023-02-10,238430.0
2023-02-13,236130.0
2023-02-14,242380.0
2023-02-15,229290.0
2023-02-16,229290.0
2023-02-17,229290.0
2023-02-20,229290.0
2023-02-21,229290.0
2023-02-22,229290.0
2023-02-23,229290.0
2023-02-24,229290.0
2023-03-01,229290.0
2023-03-02,229290.0
2023-03-03,229290.0
2023-03-06,229290.0
2023-03-07,229290.0
2023-03-08,229290.0
2023-03-09,229290.0
2023-03-10,229290.0
2023-03-13,229290.0
2023-03-14,229290.0
2023-03-15,229290.0
2023-03-16,229290.0
2023-03-17,229290.0
2023-03-20,229290.0
2023-03-21,229290.0
2023-03-22,229290.0
2023-03-23,229290.0
2023-03-24,229290.0
2023-03-27,226940.0
2023-03-28,224200.0
2023-03-29,224200.0
2023-03-30,224200.0
2023-03-31,224200.0
2023-04-06,224200.0
2023-04-07,224200.0
2023-04-10,224200.0
2023-04-11,224200.0
2023-04-12,224200.0
2023-04-13,224200.0
2023-04-14,224200.0
2023-04-17,224200.0
2023-04-18,224200.0
2023-04-19,224200.0
2023-04-20,224250.0
2023-04-21,230000.0
2023-04-24,229750.0
2023-04-25,241500.0
2023-04-26,242000.0
2023-04-27,239450.0
2023-04-28,232100.0
2023-05-02,229050.0
2023-05-03,233300.0
2023-05-04,230350.0
2023-05-05,228650.0
2023-05-08,224650.0
2023-05-09,223810.0
2023-05-10,218720.0
2023-05-11,218720.0
2023-05-12,213630.0
2023-05-15,213630.0
2023-05-16,213630.0
2023-05-17,213630.0
2023-05-18,215380.0
2023-05-19,218180.0
2023-05-22,217630.0
2023-05-23,218580.0
2023-05-24,215430.0
2023-05-25,222230.0
2023-05-26,233730.0
2023-05-29,240480.0
2023-05-30,240580.0
2023-05-31,236230.0
2023-06-01,235380.0
2023-06-02,247430.0
2023-06-05,245880.0
2023-06-06,249130.0
2023-06-07,256330.0
2023-06-08,247680.0
2023-06-09,256130.0
2023-06-12,258880.0
2023-06-13,272780.0
2023-06-14,271680.0
2023-06-15,278730.0
2023-06-16,275330.0
2023-06-19,274530.0
2023-06-20,271280.0
2023-06-21,273380.0
2023-06-26,255540.0
2023-06-27,258400.0
2023-06-28,258400.0
2023-06-29,258400.0
2023-06-30,258400.0
2023-07-03,258400.0
2023-07-04,258400.0
2023-07-05,258400.0
2023-07-06,258400.0
2023-07-07,258400.0
2023-07-10,258400.0
2023-07-11,258400.0
2023-07-12,258400.0
2023-07-13,258400.0
2023-07-14,258400.0
2023-07-17,258400.0
2023-07-18,253310.0
2023-07-19,253310.0
2023-07-20,253310.0
2023-07-21,253310.0
2023-07-24,253310.0
2023-07-25,253310.0
2023-07-26,253310.0
2023-07-27,253310.0
2023-07-28,253310.0
2023-07-31,248220.0
2023-08-01,248220.0
2023-08-02,248220.0
2023-08-04,248220.0
2023-08-07,248220.0
2023-08-08,248220.0
2023-08-09,248220.0
2023-08-10,248220.0
2023-08-11,248220.0
2023-08-14,248220.0
2023-08-15,248220.0
2023-08-16,248220.0
2023-08-17,248220.0
2023-08-18,248220.0
2023-08-21,248220.0
2023-08-22,248220.0
2023-08-23,248220.0
2023-08-24,248220.0
2023-08-25,248220.0
2023-08-28,248220.0
2023-08-29,248220.0
2023-08-30,247380.0
2023-08-31,247380.0
2023-09-01,247380.0
2023-09-04,247380.0
2023-09-05,247380.0
2023-09-06,247380.0
2023-09-07,247380.0
2023-09-08,247380.0
2023-09-11,247380.0
2023-09-12,247380.0
2023-09-13,247380.0
2023-09-14,247380.0
2023-09-15,247380.0
2023-09-18,247380.0
2023-09-19,247380.0
2023-09-20,247380.0
2023-09-21,247380.0
2023-09-22,242290.0
2023-09-25,242290.0
2023-09-26,242290.0
2023-09-27,242290.0
2023-09-28,242290.0
2023-10-02,242290.0
2023-10-03,242290.0
2023-10-04,242290.0
2023-10-05,242290.0
2023-10-06,242290.0
2023-10-11,237200.0
2023-10-12,237200.0
2023-10-13,237200.0
2023-10-16,237200.0
2023-10-17,237200.0
2023-10-18,237200.0
2023-10-19,237200.0
2023-10-20,237200.0
2023-10-23,241750.0
2023-10-24,237950.0
2023-10-25,232110.0
2023-10-26,232110.0
2023-10-27,232110.0
2023-10-30,232110.0
2023-10-31,232110.0
2023-11-01,232110.0
2023-11-02,232110.0
2023-11-03,232110.0
2023-11-06,231960.0
2023-11-07,233710.0
2023-11-08,235810.0
2023-11-09,236560.0
2023-11-10,234960.0
2023-11-13,242010.0
2023-11-14,245710.0
2023-11-15,254510.0
2023-11-16,257660.0
2023-11-17,259310.0
2023-11-20,258210.0
2023-11-21,268910.0
2023-11-22,262610.0
2023-11-23,263560.0
2023-11-24,262810.0
2023-11-27,256910.0
2023-11-28,266460.0
2023-11-29,265310.0
2023-11-30,268010.0
2023-12-01,269510.0
2023-12-04,269210.0
2023-12-05,263720.0
2023-12-06,263720.0
2023-12-07,263720.0
2023-12-08,263720.0
2023-12-11,263720.0
2023-12-12,263720.0
2023-12-13,263720.0
2023-12-14,263720.0
2023-12-15,263720.0
2023-12-18,263120.0
2023-12-19,258630.0
2023-12-20,258630.0
2023-12-21,258630.0
2023-12-22,258630.0
2023-12-25,258630.0
2023-12-26,258630.0
2023-12-27,258630.0
2023-12-28,259230.0
2023-12-29,259630.0
2024-01-02,253540.0
2024-01-03,253540.0
2024-01-04,252740.0
2024-01-05,254390.0
2024-01-08,248450.0
2024-01-09,248450.0
2024-01-10,248450.0
2024-01-11,248450.0
2024-01-12,248450.0
2024-01-15,248450.0
2024-01-16,248450.0
2024-01-17,248450.0
2024-01-18,248450.0
2024-01-19,248450.0
2024-01-22,248450.0
2024-01-23,248450.0
2024-01-24,248100.0
2024-01-25,253200.0
2024-01-26,253250.0
2024-01-29,259500.0
2024-01-30,257300.0
2024-01-31,249250.0
2024-02-01,252750.0
2024-02-02,257500.0
2024-02-05,257600.0
2024-02-15,286650.0
2024-02-16,285050.0
2024-02-19,286850.0
2024-02-20,291050.0
2024-02-21,286850.0
2024-02-22,297650.0
2024-02-23,298850.0
2024-02-26,301500.0
2024-02-27,296650.0
2024-02-29,301600.0
2024-03-01,301250.0
2024-03-04,319000.0
2024-03-05,322850.0
2024-03-06,328700.0
2024-03-07,338550.0
2024-03-08,343000.0
2024-03-11,338950.0
2024-03-12,351050.0
2024-03-13,349700.0
2024-03-14,350200.0
2024-03-15,339600.0
2024-03-18,349200.0
2024-03-19,346560.0
2024-03-20,346560.0
2024-03-21,346560.0
2024-03-22,346560.0
2024-03-25,345220.0
2024-03-26,345220.0
2024-03-27,345220.0
2024-03-28,345220.0
2024-03-29,345220.0
2024-04-01,345220.0
2024-04-02,345220.0
2024-04-03,345220.0
2024-04-08,345220.0
2024-04-09,345220.0
2024-04-10,345220.0
2024-04-11,347520.0
2024-04-12,347430.0
2024-04-15,347430.0
2024-04-16,347430.0
2024-04-17,347430.0
2024-04-18,347430.0
2024-04-19,347430.0
2024-04-22,347430.0
2024-04-23,347430.0
2024-04-24,347430.0
2024-04-25,347430.0
2024-04-26,347430.0
2024-04-29,347430.0
2024-04-30,347430.0
2024-05-02,347430.0
2024-05-03,347430.0
2024-05-06,347430.0
2024-05-07,342340.0
2024-05-08,342340.0
2024-05-09,342340.0
2024-05-10,342340.0
2024-05-13,342340.0
2024-05-14,342340.0
2024-05-15,342340.0
2024-05-16,342340.0
2024-05-17,342340.0
2024-05-20,342340.0
2024-05-21,342340.0
2024-05-22,342340.0
2024-05-23,342340.0
2024-05-24,342340.0
2024-05-27,342340.0
2024-05-28,342340.0
2024-05-29,342340.0
2024-05-30,342340.0
2024-05-31,342340.0
2024-06-03,342340.0
2024-06-04,342340.0
2024-06-05,342340.0
2024-06-06,342340.0
2024-06-07,342340.0
2024-06-11,342340.0
2024-06-12,342340.0
2024-06-13,342340.0
2024-06-14,354390.0
2024-06-17,352640.0
2024-06-18,368090.0
2024-06-19,390290.0
2024-06-20,397890.0
2024-06-21,389090.0
2024-06-24,366340.0
2024-06-25,366340.0
2024-06-26,372440.0
2024-06-27,368500.0
2024-06-28,368500.0
2024-07-01,368500.0
2024-07-02,368500.0
2024-07-03,368500.0
2024-07-04,368500.0
2024-07-05,363410.0
2024-07-08,363410.0
2024-07-09,363410.0
2024-07-10,363410.0
2024-07-11,363410.0
2024-07-12,363410.0
2024-07-15,363410.0
2024-07-16,363410.0
2024-07-17,363410.0
2024-07-18,363410.0
2024-07-19,363410.0
2024-07-22,363410.0
2024-07-23,363410.0
2024-07-26,363410.0
2024-07-29,363410.0
2024-07-30,363410.0
2024-07-31,363410.0
2024-08-01,363410.0
2024-08-02,363410.0
2024-08-05,363410.0
2024-08-06,363410.0
2024-08-07,363410.0
2024-08-08,363410.0
2024-08-09,363410.0
2024-08-12,363410.0
2024-08-13,363410.0
2024-08-14,363410.0
2024-08-15,363410.0
2024-08-16,363410.0
2024-08-19,363410.0
2024-08-20,363410.0
2024-08-21,363410.0
2024-08-22,363410.0
2024-08-23,363410.0
2024-08-26,363410.0
2024-08-27,363410.0
2024-08-28,363410.0
2024-08-29,363410.0
2024-08-30,363410.0
2024-09-02,363410.0
2024-09-03,363410.0
2024-09-04,363410.0
2024-09-05,358320.0
2024-09-06,358320.0
2024-09-09,358320.0
2024-09-10,358320.0
2024-09-11,358320.0
2024-09-12,358320.0
2024-09-13,358320.0
2024-09-16,358320.0
2024-09-18,358320.0
2024-09-19,358320.0
2024-09-20,358320.0
2024-09-23,358320.0
2024-09-24,358320.0
2024-09-25,358320.0
2024-09-26,358320.0
2024-09-27,358320.0
2024-09-30,358320.0
2024-10-01,358320.0
2024-10-04,358320.0
2024-10-07,358320.0
2024-10-08,358320.0
2024-10-09,358320.0
2024-10-11,358320.0
2024-10-14,358320.0
2024-10-15,358320.0
2024-10-16,358320.0
2024-10-17,358320.0
2024-10-18,358320.0
2024-10-21,358320.0
2024-10-22,358320.0
2024-10-23,358320.0
2024-10-24,358320.0
2024-10-25,358320.0
2024-10-28,358320.0
2024-10-29,358320.0
2024-10-30,367020.0
2024-11-01,374320.0
2024-11-04,360320.0
2024-11-05,353230.0
2024-11-06,353230.0
2024-11-07,353230.0
2024-11-08,353230.0
2024-11-11,348140.0
2024-11-12,348140.0
2024-11-13,343050.0
2024-11-14,343050.0
2024-11-15,343050.0
2024-11-18,343050.0
2024-11-19,343050.0
2024-11-20,343050.0
2024-11-21,343050.0
2024-11-22,343050.0
2024-11-25,343050.0
2024-11-26,343050.0
2024-11-27,343050.0
2024-11-28,343050.0
2024-11-29,343050.0
2024-12-02,343050.0
2024-12-03,343050.0
2024-12-04,343050.0
2024-12-05,342400.0
2024-12-06,337960.0
2024-12-09,337960.0
2024-12-10,337960.0
2024-12-11,337960.0
2024-12-12,337960.0
2024-12-13,337960.0
2024-12-16,337960.0
2024-12-17,337960.0
2024-12-18,337960.0
2024-12-19,337960.0
2024-12-20,345010.0
2024-12-23,331670.0
2024-12-24,331670.0
2024-12-25,331320.0
2024-12-26,331120.0
2024-12-27,324880.0
2024-12-30,324880.0
2024-12-31,324880.0
2025-01-02,324880.0
2025-01-03,319790.0
2025-01-06,319790.0
2025-01-07,314700.0
2025-01-08,314700.0
2025-01-09,314700.0
2025-01-10,314700.0
2025-01-13,337000.0
2025-01-14,325950.0
2025-01-15,337600.0
2025-01-16,309610.0
2025-01-17,309610.0
2025-01-20,309610.0
2025-01-21,309610.0
2025-01-22,314810.0
2025-02-03,265420.0
2025-02-04,270070.0
2025-02-05,257780.0
2025-02-06,257780.0
2025-02-07,264680.0
2025-02-10,252690.0
2025-02-11,252690.0
2025-02-12,252690.0
2025-02-13,252690.0
2025-02-14,252690.0
2025-02-17,252690.0
2025-02-18,252690.0
2025-02-19,252690.0
2025-02-20,252690.0
2025-02-21,252690.0
2025-02-24,252690.0
2025-02-25,252690.0
2025-02-26,252690.0
2025-02-27,252690.0
2025-03-03,252690.0
2025-03-04,252690.0
2025-03-05,252690.0
2025-03-06,252690.0
2025-03-07,252690.0
2025-03-10,252690.0
2025-03-11,252690.0
2025-03-12,252690.0
2025-03-13,252690.0
2025-03-14,252690.0
2025-03-17,252690.0
2025-03-18,252690.0
2025-03-19,252690.0
2025-03-20,252690.0
2025-03-21,252690.0
2025-03-24,252690.0
2025-03-25,252690.0
2025-03-26,252690.0
2025-03-27,252690.0
2025-03-28,252690.0
2025-03-31,247600.0
2025-04-01,247600.0
2025-04-02,247600.0
2025-04-07,247600.0
2025-04-08,247600.0
2025-04-09,247600.0
2025-04-10,247600.0
2025-04-11,247600.0
2025-04-14,247600.0
2025-04-15,247600.0
2025-04-16,247600.0
2025-04-17,247600.0
2025-04-18,247600.0
2025-04-21,247600.0
2025-04-22,247600.0
2025-04-23,247600.0
2025-04-24,247600.0
2025-04-25,247600.0
2025-04-28,247600.0
2025-04-29,247600.0
2025-04-30,247600.0
2025-05-02,247600.0
2025-05-05,247600.0
2025-05-06,247600.0
2025-05-07,247600.0
2025-05-08,247600.0
2025-05-09,247600.0
2025-05-12,247600.0
2025-05-13,247600.0
2025-05-14,247600.0
2025-05-15,247600.0
2025-05-16,247600.0
2025-05-19,247600.0
2025-05-20,247600.0
2025-05-21,247600.0
2025-05-22,247600.0
2025-05-23,247600.0
2025-05-26,247600.0
2025-05-27,247600.0
2025-05-28,247600.0
2025-05-29,247600.0
2025-06-02,247600.0
2025-06-03,247600.0
2025-06-04,247600.0
2025-06-05,247600.0
2025-06-06,247600.0
2025-06-09,247600.0
2025-06-10,247600.0
2025-06-11,242510.0
2025-06-12,242510.0
2025-06-13,242510.0
2025-06-16,242510.0
2025-06-17,242510.0
2025-06-18,242510.0
2025-06-19,242510.0
2025-06-20,242510.0
2025-06-23,242510.0
2025-06-24,242510.0
2025-06-25,242510.0
2025-06-26,242510.0
2025-06-27,242510.0
2025-06-30,242510.0
2025-07-01,242510.0
2025-07-02,242510.0
2025-07-03,247910.0
2025-07-04,237420.0
2025-07-07,237420.0
2025-07-08,237420.0
2025-07-09,237420.0
2025-07-10,237420.0
2025-07-11,249970.0
2025-07-14,239270.0
2025-07-15,252270.0
2025-07-16,264170.0
2025-07-17,269020.0
2025-07-18,274870.0
2025-07-21,273370.0
2025-07-22,261370.0
2025-07-23,270970.0
2025-07-24,277220.0
2025-07-25,273820.0
2025-07-28,281670.0
2025-07-29,269970.0
2025-07-30,279830.0
2025-07-31,279830.0
2025-08-01,291840.0
2025-08-04,291840.0
2025-08-05,291840.0
2025-08-06,291840.0
2025-08-07,291840.0
2025-08-08,286750.0
2025-08-11,286750.0
2025-08-12,286750.0
2025-08-13,286750.0
2025-08-14,286750.0
2025-08-15,286750.0
2025-08-18,286750.0
2025-08-19,286750.0
2025-08-20,286750.0
2025-08-21,281660.0
2025-08-22,281660.0
2025-08-25,281660.0
2025-08-26,281660.0
2025-08-27,281660.0
2025-08-28,281660.0
2025-08-29,281660.0
2025-09-01,281660.0
2025-09-02,281660.0
2025-09-03,281660.0
2025-09-04,281660.0
2025-09-05,281660.0
2025-09-08,281660.0
2025-09-09,281660.0
2025-09-10,290910.0
2025-09-11,294060.0
2025-09-12,305610.0
2025-09-15,299760.0
2025-09-16,313760.0
2025-09-17,304060.0
2025-09-18,317910.0
2025-09-19,315860.0
2025-09-22,326860.0
2025-09-23,345860.0
2025-09-24,344260.0
2025-09-25,337210.0
2025-09-26,315660.0
2025-09-30,330010.0
2025-10-01,334570.0
2025-10-02,334570.0
2025-10-03,329480.0
2025-10-07,329480.0
2025-10-08,329480.0
2025-10-09,329480.0
2025-10-13,329480.0
2025-10-14,329480.0
2025-10-15,329480.0
2025-10-16,329480.0
2025-10-17,329480.0
2025-10-20,329480.0
2025-10-21,329480.0
2025-10-22,329480.0
2025-10-23,329480.0
2025-10-27,329480.0
2025-10-28,329480.0
2025-10-29,329480.0
2025-10-30,329480.0
2025-10-31,329480.0
2025-11-03,329480.0
2025-11-04,329480.0
2025-11-05,329480.0
2025-11-06,329480.0
2025-11-07,329480.0
2025-11-10,329480.0
2025-11-11,329480.0
2025-11-12,329480.0
2025-11-13,329480.0
2025-11-14,329480.0
2025-11-17,329480.0
2025-11-18,329480.0
2025-11-19,329480.0
2025-11-20,329480.0
2025-11-21,329480.0
2025-11-24,329480.0
2025-11-25,329480.0
2025-11-26,329480.0
2025-11-27,329480.0
2025-11-28,329480.0
2025-12-01,329480.0
2025-12-02,329480.0
2025-12-03,329480.0
2025-12-04,324390.0
2025-12-05,324390.0
2025-12-08,324390.0
2025-12-09,324390.0
2025-12-10,324390.0
2025-12-11,324390.0
2025-12-12,324390.0
2025-12-15,324390.0
2025-12-16,324390.0
2025-12-17,324390.0
2025-12-18,319300.0
2025-12-19,319300.0
2025-12-22,319300.0
2025-12-23,319300.0
2025-12-24,314210.0
2025-12-26,314210.0
2025-12-29,314210.0
2025-12-30,314210.0
2025-12-31,314210.0
